{
  "name": "MVP Role Configuration Package",
  "version": "1.0.0",
  "created": "2025-07-26",
  "description": "Complete role-based access control system with standardized visualizations and downloadable XLSX template",
  "components": {
    "roles": "CEO, Admin, Analyst, Manager role definitions with permissions",
    "charts": "Progress distribution, status tracking, area comparisons, and objective tracking visualizations",
    "template": "Standardized Excel template for organizational management tracking",
    "documentation": "Complete implementation guides and usage instructions"
  },
  "technologies": {
    "frontend": "React, TypeScript, Tailwind CSS, Recharts",
    "backend": "Next.js, Supabase",
    "excel": "SheetJS (xlsx) library",
    "packaging": "Node.js archiver"
  },
  "integration": {
    "glassmorphism": "Consistent with existing design system",
    "responsive": "Mobile-first responsive design",
    "accessibility": "ARIA compliant components",
    "i18n": "Spanish language support"
  }
}