{
  "chartType": "bar",
  "name": "progress-distribution",
  "title": "Distribución por Progreso",
  "description": "Muestra cuántas iniciativas estratégicas se encuentran en cada rango de progreso",
  "purpose": "Visualizar la salud general del portafolio de proyectos de un vistazo",
  "dataSource": {
    "type": "initiatives",
    "aggregation": "progress_ranges",
    "ranges": [
      { "min": 0, "max": 25, "label": "0-25%" },
      { "min": 26, "max": 50, "label": "26-50%" },
      { "min": 51, "max": 75, "label": "51-75%" },
      { "min": 76, "max": 100, "label": "76-100%" }
    ]
  },
  "styling": {
    "gradient": {
      "from": "#a855f7",
      "to": "#06b6d4"
    },
    "glassmorphism": true,
    "responsive": true
  },
  "businessContext": {
    "application": "Permite a la dirección visualizar si las iniciativas clave están recién comenzando, avanzando a buen ritmo o a punto de completarse",
    "interpretation": "Una acumulación de iniciativas en los rangos bajos podría indicar un problema de arranque generalizado"
  }
}